Name,Type,Min Players,Max Players,Play Time (mins)
Dice Forge (with expansion),Dice,2,4,45
Scotland Yard,Board,3,6,
Betrayal at Baldur's Gate,Board,3,6,60
Betrayal at House on the Hill (with expansion),Board,3,6,60
Concept,Party,2,100,
Word Slam,Party,3,100,45
Telestrations,Party,6,12,
What's Yours Like?,Party,4,100,
Taboo,Party,4,100,
Anomia (Party Edition),Party,3,6,
DC Deck-building Game Rebirth,Deckbuilding,1,4,
DC Deck-building Game (with expansion),Deckbuilding,2,5,
Elder Sign (with expansion),Cooperative,1,8,
Scarabya,Puzzle,1,4,20
Hail Hydra,Party,5,8,
Forbidden Sky,Cooperative,2,5,60
Colony,Board,1,4,60
Cosmic Colonies,Board,1,5,45
Tapestry,Board,1,5,120
The Princes of Florence,Board,3,5,90
Pandemic: The Cure,Cooperative,2,5,30
Sagrada (with expansion),Dice,1,4,45
World's Fair 1893,Board,2,4,40
Pandemic Legacy Season 2,Legacy,2,4,60
Betrayal Legacy,Legacy,3,6,
Sea Fall,Legacy,3,5,
Risk,Board,2,6,
The Artemis Project,Board,1,5,75
Apollo: NASA Moon Missions,Cooperative,2,5,
Seasons (with expansion),Deckbuilding,2,4,60
Azul: Stained Glass of Suntra,Puzzle,2,4,45
Azul (with expansion),Puzzle,2,4,45
10 Days in Europe,Card,2,4,
Potion Explosion,Puzzle,2,4,45
Elysium,Deckbuilding,2,4,60
7 Wonders,Card,2,7,30
Settlers of Catan,Board,3,4,
Smash Up (with expansion),Card,2,4,45
Kingdomino,Puzzle,2,4,
Five Tribes (with expansion),Board,2,4,80
Munchkin Deluxe: Harry Potter,Deckbuilding,3,6,120
Near and Far,Legacy,2,4,120
Abyss,Board,2,4,45
Ex Libris,Deckbuilding,1,4,45
King of New York,Dice,2,6,40
Tsuro: Phoenix Rising,Board,2,8,50
Tsuro of the Seas,Board,2,8,40
Carcassonne,Board,2,5,45
Takenoko,Board,2,4,45
Roll for the Galaxy,Dice,2,5,45
Clank,Deckbuilding,2,4,60
Race for the Galaxy,Card,2,4,60
The Wizard Always Wins,Party,2,5,
The 7th Continent (with expansion),Legacy,2,5,
Two Rooms and a Boom,Party,5,15,15
Exploding Kittens (with expansion),Party,2,8,15
Bards Dispense Profanity,Party,4,100,
Llamas Unleashed,Party,2,8,45
Bears Vs Babies,Party,2,8,
Bang: The Dice Game,Party,3,8,15
Martians!!!,Party,2,7,
Sushi Go Party,Party,2,8,20
Codenames,Party,3,100,
Dastardly Dirigibles,Card,2,5,
Disney Villainous (with expansion),Deckbuilding,2,6,50
Marvel Villainous,Deckbuilding,2,4,80
Three Cheers for Master,Card,2,6,45
Guillotine,Card,2,4,
San Juan,Card,2,4,60
Lords of Scotland,Card,2,5,30
Lanterns,Board,2,4,30
Burgle Bros,Cooperative,1,4,90
Tiny Epic Galaxies,Board,1,4,45
Tiny Epic Defenders,Board,1,4,30
Odin's Ravens,Board,2,2,
Harry Potter Defense Against the Dark Arts,Deckbuilding,2,2,
Imhotep,Board,2,2,
7 Wonders Duel,Deckbuilding,2,2,
Intelle,Board,2,2,
Fluxx (with Fluxx Dice),Card,2,5,
Jumanji Fluxx,Card,2,5,
Star Fluxx,Card,2,5,
Chemistry Fluxx,Card,2,5,
Doctor Who Fluxx,Card,2,5,
Monty Python Fluxx,Card,2,5,
Star Wars: I've Got A Bad Feeling About This,Party,2,4,
Mille Bornes,Card,2,5,25
Dominoes (2x),Board,2,4,
Catan Dice Game,Dice,1,4,30
Chrononauts,Card,1,6,45
Solar Draft,Card,2,4,
Skip-Bo,Card,2,6,
Stem Epic Heroes,Card,2,4,30
The Game,Card,1,5,20
"Before I Kill You, Mister Spy",Card,2,6,
Uno,Card,2,10,
Uno Flip!,Card,2,10,
Saboteur (with expansion),Card,3,12,
Bang! (with expansion),Card,5,10,40
